{
  "metadata": {
    "model": "Qwen/Qwen2.5-3B",
    "n_stimuli": 20,
    "n_layers": 36,
    "hidden_size": 2048,
    "run_date": "2026-04-09T02:03:02.940177",
    "hypothesis": "RMR — Representation-Mediated Reasoning"
  },
  "per_layer": {
    "rsa_concept": [
      -0.049474,
      -0.044474,
      -0.04158,
      -0.051317,
      -0.044474,
      -0.045527,
      -0.050527,
      -0.036579,
      -0.026316,
      -0.027895,
      -0.026579,
      -0.027632,
      -0.027106,
      -0.030527,
      -0.025264,
      -0.013421,
      -0.017632,
      -0.008947,
      0.011842,
      0.016316,
      0.033158,
      0.030264,
      0.036843,
      0.021842,
      0.009211,
      0.022369,
      0.019211,
      0.019737,
      0.015263,
      0.004211,
      -0.024737,
      -0.030264,
      -0.018421,
      -0.004737,
      -0.00579,
      -0.035
    ],
    "rsa_form": [
      0.330472,
      0.329295,
      0.348831,
      0.36978,
      0.371899,
      0.385315,
      0.380372,
      0.3912,
      0.396378,
      0.411207,
      0.397555,
      0.401321,
      0.394024,
      0.371899,
      0.396143,
      0.383432,
      0.374958,
      0.36366,
      0.370016,
      0.361307,
      0.353068,
      0.337298,
      0.358011,
      0.362013,
      0.374252,
      0.374958,
      0.378489,
      0.432626,
      0.435215,
      0.488882,
      0.496179,
      0.519246,
      0.534545,
      0.578561,
      0.587506,
      0.559966
    ],
    "rsa_bias": [
      0.158616,
      0.172309,
      0.176223,
      0.189216,
      0.171321,
      0.172301,
      0.227733,
      0.259214,
      0.287279,
      0.28245,
      0.335361,
      0.258912,
      0.279903,
      0.277625,
      0.263254,
      0.270242,
      0.249051,
      0.265688,
      0.273972,
      0.261624,
      0.274826,
      0.316935,
      0.3307,
      0.32753,
      0.397238,
      0.445934,
      0.411174,
      0.401551,
      0.458941,
      0.412808,
      0.320233,
      0.337051,
      0.336477,
      0.386543,
      0.3563,
      0.108195
    ],
    "rsa_language_type": [
      0.205447,
      0.221398,
      0.236004,
      0.230623,
      0.241001,
      0.242154,
      0.245998,
      0.269637,
      0.287895,
      0.298273,
      0.29539,
      0.26464,
      0.272904,
      0.281168,
      0.294237,
      0.310957,
      0.314609,
      0.305384,
      0.318068,
      0.30596,
      0.308266,
      0.310765,
      0.321143,
      0.315954,
      0.317876,
      0.311726,
      0.29981,
      0.31384,
      0.282706,
      0.292699,
      0.280015,
      0.265217,
      0.258682,
      0.265601,
      0.301348,
      0.239656
    ],
    "p_concept": [
      0.497853,
      0.542331,
      0.56895,
      0.481965,
      0.542331,
      0.532806,
      0.488741,
      0.616334,
      0.718539,
      0.702428,
      0.715845,
      0.705104,
      0.710468,
      0.675872,
      0.72935,
      0.854181,
      0.809204,
      0.902486,
      0.871178,
      0.8232,
      0.64971,
      0.67851,
      0.613797,
      0.764844,
      0.899633,
      0.759349,
      0.792489,
      0.786938,
      0.834437,
      0.954023,
      0.734775,
      0.67851,
      0.800835,
      0.948283,
      0.936812,
      0.631646
    ],
    "p_form": [
      3e-06,
      3e-06,
      1e-06,
      0.0,
      0.0,
      0.0,
      0.0,
      0.0,
      0.0,
      0.0,
      0.0,
      0.0,
      0.0,
      0.0,
      0.0,
      0.0,
      0.0,
      0.0,
      0.0,
      0.0,
      1e-06,
      2e-06,
      0.0,
      0.0,
      0.0,
      0.0,
      0.0,
      0.0,
      0.0,
      0.0,
      0.0,
      0.0,
      0.0,
      0.0,
      0.0,
      0.0
    ],
    "p_bias": [
      0.028831,
      0.017442,
      0.015011,
      0.008933,
      0.018107,
      0.017448,
      0.001578,
      0.000305,
      5.8e-05,
      7.9e-05,
      2e-06,
      0.00031,
      9.2e-05,
      0.000105,
      0.000243,
      0.000163,
      0.00053,
      0.000211,
      0.000131,
      0.000266,
      0.000124,
      8e-06,
      3e-06,
      4e-06,
      0.0,
      0.0,
      0.0,
      0.0,
      0.0,
      0.0,
      7e-06,
      2e-06,
      2e-06,
      0.0,
      0.0,
      0.13731
    ],
    "p_language_type": [
      0.004461,
      0.002142,
      0.001045,
      0.001369,
      0.000809,
      0.000762,
      0.000623,
      0.000169,
      5.6e-05,
      2.9e-05,
      3.5e-05,
      0.000224,
      0.000139,
      8.5e-05,
      3.8e-05,
      1.3e-05,
      1e-05,
      1.8e-05,
      8e-06,
      1.8e-05,
      1.5e-05,
      1.3e-05,
      6e-06,
      9e-06,
      8e-06,
      1.2e-05,
      2.6e-05,
      1e-05,
      7.7e-05,
      4.2e-05,
      9.1e-05,
      0.000217,
      0.000314,
      0.000213,
      2.4e-05,
      0.000868
    ],
    "sil_concept": [
      -0.24001,
      -0.230934,
      -0.219597,
      -0.212676,
      -0.188412,
      -0.194893,
      -0.184434,
      -0.159276,
      -0.141277,
      -0.141093,
      -0.134282,
      -0.11898,
      -0.122222,
      -0.133978,
      -0.11956,
      -0.107611,
      -0.104999,
      -0.101441,
      -0.076672,
      -0.083539,
      -0.087271,
      -0.08469,
      -0.087344,
      -0.100692,
      -0.093747,
      -0.103653,
      -0.106976,
      -0.105917,
      -0.10147,
      -0.097067,
      -0.112081,
      -0.098197,
      -0.096095,
      -0.082627,
      -0.097856,
      -0.142059
    ],
    "sil_form": [
      0.236115,
      0.208355,
      0.233147,
      0.250193,
      0.205096,
      0.224699,
      0.207736,
      0.218031,
      0.214594,
      0.225924,
      0.220029,
      0.189228,
      0.165432,
      0.161397,
      0.154003,
      0.135716,
      0.116856,
      0.109554,
      0.101136,
      0.105246,
      0.093468,
      0.08636,
      0.098306,
      0.113783,
      0.105385,
      0.11771,
      0.128326,
      0.187502,
      0.183083,
      0.214055,
      0.253633,
      0.25607,
      0.253973,
      0.26374,
      0.25943,
      0.275279
    ],
    "probe_cross_form": [
      0.3,
      0.316667,
      0.333333,
      0.283333,
      0.366667,
      0.433333,
      0.35,
      0.366667,
      0.416667,
      0.4,
      0.35,
      0.366667,
      0.433333,
      0.416667,
      0.45,
      0.516667,
      0.416667,
      0.533333,
      0.483333,
      0.5,
      0.55,
      0.516667,
      0.533333,
      0.516667,
      0.4,
      0.4,
      0.466667,
      0.433333,
      0.5,
      0.45,
      0.483333,
      0.483333,
      0.516667,
      0.533333,
      0.55,
      0.533333
    ],
    "probe_within_form": [
      1.0,
      1.0,
      1.0,
      1.0,
      1.0,
      1.0,
      1.0,
      1.0,
      1.0,
      1.0,
      1.0,
      1.0,
      1.0,
      1.0,
      1.0,
      1.0,
      1.0,
      1.0,
      1.0,
      1.0,
      1.0,
      1.0,
      1.0,
      1.0,
      1.0,
      1.0,
      1.0,
      1.0,
      1.0,
      1.0,
      1.0,
      1.0,
      1.0,
      1.0,
      1.0,
      1.0
    ],
    "probe_vs_chance": [
      0.2,
      0.266667,
      0.333333,
      0.133333,
      0.466667,
      0.733333,
      0.4,
      0.466667,
      0.666667,
      0.6,
      0.4,
      0.466667,
      0.733333,
      0.666667,
      0.8,
      1.066667,
      0.666667,
      1.133333,
      0.933333,
      1.0,
      1.2,
      1.066667,
      1.133333,
      1.066667,
      0.6,
      0.6,
      0.866667,
      0.733333,
      1.0,
      0.8,
      0.933333,
      0.933333,
      1.066667,
      1.133333,
      1.2,
      1.133333
    ],