{
  "metadata": {
    "model": "unsloth/Llama-3.2-3B",
    "n_stimuli": 20,
    "n_layers": 28,
    "hidden_size": 3072,
    "run_date": "2026-04-09T01:50:48.562268",
    "hypothesis": "RMR — Representation-Mediated Reasoning"
  },
  "per_layer": {
    "rsa_concept": [
      -0.074475,
      -0.041843,
      -0.062896,
      -0.040264,
      0.007895,
      0.004211,
      0.052632,
      0.082106,
      0.103686,
      0.08658,
      0.073159,
      0.08737,
      0.064211,
      0.05158,
      0.054474,
      0.033948,
      0.006316,
      0.001842,
      0.005263,
      0.009474,
      0.018158,
      0.018948,
      0.016842,
      0.006053,
      -0.002895,
      0.010526,
      0.017632,
      0.02079
    ],
    "rsa_form": [
      0.422505,
      0.403439,
      0.424623,
      0.423682,
      0.431214,
      0.405793,
      0.362248,
      0.324823,
      0.309994,
      0.348831,
      0.375665,
      0.376371,
      0.403204,
      0.437098,
      0.46299,
      0.511714,
      0.531485,
      0.536193,
      0.548668,
      0.537605,
      0.539488,
      0.548903,
      0.555259,
      0.567498,
      0.568911,
      0.563262,
      0.581856,
      0.582798
    ],
    "rsa_bias": [
      0.229842,
      0.281707,
      0.250248,
      0.274091,
      0.314064,
      0.319436,
      0.292339,
      0.282324,
      0.310176,
      0.307004,
      0.29759,
      0.39118,
      0.354505,
      0.333981,
      0.356447,
      0.347862,
      0.364031,
      0.394976,
      0.396344,
      0.421832,
      0.447264,
      0.442027,
      0.43154,
      0.427264,
      0.44269,
      0.417544,
      0.371911,
      0.159879
    ],
    "rsa_language_type": [
      0.184306,
      0.212173,
      0.21448,
      0.217747,
      0.241386,
      0.24177,
      0.238311,
      0.233314,
      0.220053,
      0.241193,
      0.262334,
      0.260604,
      0.291354,
      0.291162,
      0.291162,
      0.300771,
      0.319798,
      0.287702,
      0.27867,
      0.281168,
      0.26637,
      0.274249,
      0.274249,
      0.275403,
      0.268868,
      0.269829,
      0.265217,
      0.250034
    ],
    "p_concept": [
      0.307156,
      0.566505,
      0.388639,
      0.581251,
      0.913911,
      0.954023,
      0.470787,
      0.260084,
      0.154557,
      0.23492,
      0.315805,
      0.230663,
      0.378772,
      0.479718,
      0.455379,
      0.641942,
      0.931081,
      0.979876,
      0.942546,
      0.896781,
      0.803623,
      0.795269,
      0.817594,
      0.933946,
      0.968381,
      0.885387,
      0.809204,
      0.775869
    ],
    "p_form": [
      0.0,
      0.0,
      0.0,
      0.0,
      0.0,
      0.0,
      0.0,
      5e-06,
      1.3e-05,
      1e-06,
      0.0,
      0.0,
      0.0,
      0.0,
      0.0,
      0.0,
      0.0,
      0.0,
      0.0,
      0.0,
      0.0,
      0.0,
      0.0,
      0.0,
      0.0,
      0.0,
      0.0,
      0.0
    ],
    "p_bias": [
      0.001422,
      8.2e-05,
      0.000497,
      0.00013,
      1e-05,
      7e-06,
      4.3e-05,
      7.9e-05,
      1.3e-05,
      1.6e-05,
      3e-05,
      0.0,
      1e-06,
      2e-06,
      0.0,
      1e-06,
      0.0,
      0.0,
      0.0,
      0.0,
      0.0,
      0.0,
      0.0,
      0.0,
      0.0,
      0.0,
      0.0,
      0.027565
    ],
    "p_language_type": [
      0.01091,
      0.003294,
      0.002963,
      0.002545,
      0.000793,
      0.000778,
      0.000929,
      0.001197,
      0.002283,
      0.000801,
      0.000256,
      0.000282,
      4.5e-05,
      4.6e-05,
      4.6e-05,
      2.5e-05,
      7e-06,
      5.7e-05,
      9.9e-05,
      8.5e-05,
      0.000203,
      0.000129,
      0.000129,
      0.00012,
      0.000176,
      0.000167,
      0.000217,
      0.000503
    ],
    "sil_concept": [
      -0.210802,
      -0.163984,
      -0.168888,
      -0.123079,
      -0.065722,
      -0.075572,
      -0.034419,
      0.005789,
      0.027538,
      0.014202,
      -0.002057,
      0.002336,
      -0.01292,
      -0.03332,
      -0.03936,
      -0.048334,
      -0.070497,
      -0.076112,
      -0.079849,
      -0.075246,
      -0.068325,
      -0.071744,
      -0.070808,
      -0.073815,
      -0.072826,
      -0.059426,
      -0.063005,
      -0.100136
    ],
    "sil_form": [
      0.29056,
      0.244735,
      0.26118,
      0.215474,
      0.167226,
      0.168759,
      0.115235,
      0.074799,
      0.050545,
      0.071648,
      0.082508,
      0.075925,
      0.09656,
      0.136215,
      0.161431,
      0.216204,
      0.243524,
      0.247412,
      0.260107,
      0.247079,
      0.251302,
      0.255787,
      0.260791,
      0.274798,
      0.264205,
      0.255894,
      0.263716,
      0.2844
    ],
    "probe_cross_form": [
      0.25,
      0.25,
      0.316667,
      0.366667,
      0.5,
      0.466667,
      0.55,
      0.683333,
      0.633333,
      0.633333,
      0.666667,
      0.683333,
      0.616667,
      0.466667,
      0.466667,
      0.5,
      0.483333,
      0.466667,
      0.533333,
      0.466667,
      0.55,
      0.616667,
      0.633333,
      0.616667,
      0.616667,
      0.65,
      0.633333,
      0.7
    ],
    "probe_within_form": [
      1.0,
      1.0,
      1.0,
      1.0,
      1.0,
      1.0,
      1.0,
      1.0,
      1.0,
      1.0,
      1.0,
      1.0,
      1.0,
      1.0,
      1.0,
      1.0,
      1.0,
      1.0,
      1.0,
      1.0,
      1.0,
      1.0,
      1.0,
      1.0,
      1.0,
      1.0,
      1.0,
      1.0
    ],
    "probe_vs_chance": [
      0.0,
      0.0,
      0.266667,
      0.466667,
      1.0,
      0.866667,
      1.2,
      1.733333,
      1.533333,
      1.533333,
      1.666667,
      1.733333,
      1.466667,
      0.866667,
      0.866667,
      1.0,
      0.933333,
      0.866667,
      1.133333,
      0.866667,
      1.2,
      1.466667,
      1.533333,
      1.466667,
      1.466667,
      1.6,
      1.533333,
      1.8
    ],
    "cka_cross_form": [
      0.63886,
      0.762126,
      0.806426,
      0.896381,
      0.914044,
      0.909992,
      0.909869,
      0.922294,
      0.92109,
      0.923426,
      0.91078,
      0.928532,
      0.930726,
      0.925772,
      0.927758,
      0.904367,
      0.894059,
      0.883199,
      0.88386,
      0.889409,
      0.894457,
      0.903967,
      0.909632,
      0.917963,
      0.923998,
      0.932593,
      0.939791,
      0.918154
    ],
    "reg_beta_same_concept": [
      0.004806,
      -0.001439,
      -0.000116,
      -0.002691,
      -0.008865,
      -0.008632,
      -0.015375,
      -0.020909,
      -0.024334,
      -0.021623,
      -0.019742,
      -0.020943,
      -0.020004,
      -0.017375,
      -0.015866,
      -0.013773,
      -0.009901,
      -0.009524,
      -0.008809,
      -0.009794,
      -0.011129,
      -0.010112,
      -0.010625,
      -0.00986,
      -0.010323,
      -0.012648,
      -0.009351,
      0.003629
    ],
    "reg_beta_same_language_type": [
      -0.043614,
      -0.043507,
      -0.040999,
      -0.037869,
      -0.04,
      -0.038828,
      -0.0386,
      -0.03638,
      -0.03339,
      -0.032407,
      -0.035421,
      -0.035399,
      -0.042661,
      -0.044584,
      -0.042945,
      -0.047387,
      -0.049328,
      -0.047143,
      -0.047167,
      -0.043891,
      -0.042493,
      -0.042532,
      -0.045485,
      -0.044835,
      -0.04441,
      -0.045304,
      -0.046166,
      -0.050517
    ],
    "reg_beta_token_diff": [
      0.088471,
      0.095524,
      0.109389,
      0.093999,
      0.087585,
      0.095028,
      0.094933,
      0.086476,
      0.077945,
      0.070165,
      0.078383,
      0.073838,
      0.078456,
      0.083844,
      0.087797,
      0.098224,
      0.096702,
      0.103133,
      0.108007,
      0.100917,
      0.10186,
      0.097403,
      0.104028,
      0.096557,
      0.09691,
      0.094292,
      0.079106,
      0.054452
    ],